{"episode_rewards": [580.6817589576452, 427.297260273968, 521.0604095563032, 607.6464788732304, 398.416320474773], "mean": 507.0204456271839, "std": 82.33996662437698}