{"episode_rewards": [457.04285714284856, 581.2559322033804, 296.9149253731353, 414.55798045601813, 460.5557377049131, 641.835483870959, 376.8230769230709, 424.4901639344204, 435.3838709677374, 415.7730158730089], "mean": 450.46330444494924, "std": 92.88151583388974}