{"episode_rewards": [396.3285714285662, 375.9273972602704, 476.108178438655, 288.0578947368418, 575.4725190839614, 362.22876712328195, 287.7205128205127, 421.49468438537434, 443.5893203883445, 448.4893416927849], "mean": 407.5417187358593, "std": 82.39229631830962}