{"episode_rewards": [446.0538461538399, 387.47763975154623, 470.8459459459375, 518.9476190476104, 365.2465346534614, 632.5007326007222, 524.0379310344724, 355.0971326164846, 473.32657342656574, 446.2258785942423], "mean": 461.97598338248827, "std": 79.50780671977438}