{"episode_rewards": [732.5996197718498, 664.4161290322512, 755.4133079847763, 681.1499999999871, 718.7405797101354], "mean": 710.4639272997999, "std": 33.34259959669966}