{"episode_rewards": [593.9789473684085, 759.2155893535963, 632.0428571428437, 784.6583643122555, 492.4925925925839, 727.9701754385815, 496.12641509433024, 675.5653992395306, 482.6814569536367, 731.5498316498181], "mean": 637.6281629145584, "std": 110.3882172749255}