{"episode_rewards": [680.3054054053932], "mean": 680.3054054053932, "std": 0.0}