{"episode_rewards": [361.69401993355035, 532.4088339222526, 359.15925925925393, 339.2939393939341, 392.11183800622456, 396.49863945577675, 334.68260869565034, 371.1230215827283, 413.4135135135079, 409.12509225091725], "mean": 390.9510766013796, "std": 53.825387067167185}