{"episode_rewards": [492.882456140342, 586.7327402135139, 461.5438356164325, 558.1733812949535, 460.7308605341186, 468.0063122923502, 457.4539568345242, 477.21958762885953, 479.76111111110356, 335.7974358974351], "mean": 477.8301677563633, "std": 63.07780983395855}