{"episode_rewards": [-25.895053003534297], "mean": -25.895053003534297, "std": 0.0}