{"episode_rewards": [-33.64430379746918, -37.41343283582168, -35.79131832797507, 9.913201320132785, -34.093399339934834], "mean": -26.205850596213594, "std": 18.108677554375927}