{"episode_rewards": [785.2046594981962, 665.9256410256312, 789.1733564013764, 677.3193548387025, 701.8169329073392, 760.9038610038472, 678.7778877887705, 672.0088435374064, 727.1058823529283, 742.9034129692685, 822.9769230769095, 861.8771863117698, 750.0742160278628, 817.5029962546726, 837.8844961240231], "mean": 752.7637100079135, "std": 62.877138069923184}